Workbook

Sheet Petunjuk
A1: Penghitung skor System Usability Scale (SUS)
A3: 1. Unduh jawaban dari Google Sheets (File → Download → .xlsx) atau buka spreadsheet jawabannya.
A4: 2. Salin kolom P1 sampai P10 (nilai 1–5) setiap responden ke sheet "Input Jawaban", kolom kuning C sampai L. Nama/kode responden di kolom B.
A5: 3. Sheet "Skor SUS" menghitung otomatis: item ganjil = jawaban − 1; item genap = 5 − jawaban; skor SUS = jumlah × 2,5 (rentang 0–100).
A6: 4. Ringkasan di bagian atas sheet "Skor SUS": jumlah responden, rata-rata, minimum, maksimum, dan kategori (Bangor et al., 2008): > 70 dapat diterima; 50–70 marginal; < 50 tidak dapat diterima.
A8: Sumber metode: Brooke (1996); interpretasi: Bangor et al. (2008).

Sheet Input Jawaban
A1: No | B1: Responden | C1: P1 | D1: P2 | E1: P3 | F1: P4 | G1: P5 | H1: P6 | I1: P7 | J1: P8 | K1: P9 | L1: P10
A2: 1 | B2: R1 | C2: 4 | D2: 1 | E2: 5 | F2: 1 | G2: 5 | H2: 1 | I2: 4 | J2: 1 | K2: 4 | L2: 1
A3: 2 | B3: R2 | C3: 3 | D3: 2 | E3: 4 | F3: 3 | G3: 4 | H3: 2 | I3: 4 | J3: 1 | K3: 4 | L3: 3
A4: 3 | B4: R3 | C4: 2 | D4: 2 | E4: 3 | F4: 2 | G4: 4 | H4: 3 | I4: 3 | J4: 2 | K4: 3 | L4: 4
A5: 4 | B5: R4 | C5: 4 | D5: 3 | E5: 5 | F5: 2 | G5: 5 | H5: 2 | I5: 4 | J5: 2 | K5: 5 | L5: 2
A6: 5 | B6: R5 | C6: 5 | D6: 2 | E6: 4 | F6: 4 | G6: 4 | H6: 2 | I6: 2 | J6: 2 | K6: 4 | L6: 4
A7: 6 | B7: R6 | C7: 2 | D7: 2 | E7: 4 | F7: 1 | G7: 4 | H7: 3 | I7: 3 | J7: 2 | K7: 4 | L7: 5
A8: 7 | B8: R7 | C8: 4 | D8: 1 | E8: 4 | F8: 1 | G8: 5 | H8: 1 | I8: 4 | J8: 1 | K8: 5 | L8: 2
A9: 8 | B9: R8 | C9: 4 | D9: 1 | E9: 5 | F9: 1 | G9: 4 | H9: 1 | I9: 4 | J9: 1 | K9: 4 | L9: 3
A10: 9 | B10: R9 | C10: 5 | D10: 2 | E10: 4 | F10: 1 | G10: 5 | H10: 1 | I10: 4 | J10: 1 | K10: 4 | L10: 2
A11: 10 | B11: R10 | C11: 5 | D11: 2 | E11: 5 | F11: 1 | G11: 5 | H11: 2 | I11: 3 | J11: 1 | K11: 5 | L11: 4
A12: 11 | B12: R11 | C12: 4 | D12: 2 | E12: 4 | F12: 2 | G12: 5 | H12: 2 | I12: 3 | J12: 2 | K12: 4 | L12: 3
A13: 12 | B13: R12 | C13: 5 | D13: 1 | E13: 5 | F13: 1 | G13: 5 | H13: 1 | I13: 5 | J13: 1 | K13: 5 | L13: 1
A14: 13
A15: 14
A16: 15
A17: 16
A18: 17
A19: 18
A20: 19
A21: 20
A22: 21
A23: 22
A24: 23
A25: 24
... A61: 60

Sheet Skor SUS
A1: Ringkasan
A2: Jumlah responden | B2: =COUNT(M8:M67) -> 12
A3: Rata-rata skor SUS | B3: =IF(B2=0,"",AVERAGE(M8:M67)) -> 78.125
A4: Skor minimum | B4: =IF(B2=0,"",MIN(M8:M67)) -> 55
A5: Skor maksimum | B5: =IF(B2=0,"",MAX(M8:M67)) -> 100
A6: Kategori (Bangor et al., 2008) | B6: =IF(B2=0,"",IF(B3>70,"Dapat diterima (acceptable)",IF(B3>=50,"Marginal","Tidak dapat diterima"))) -> Dapat diterima (acceptable)
A7: No | B7: Responden | C7: S1 | D7: S2 | E7: S3 | F7: S4 | G7: S5 | H7: S6 | I7: S7 | J7: S8 | K7: S9 | L7: S10 | M7: Skor SUS
A8: 1 | B8: =IF('Input Jawaban'!B2="","",'Input Jawaban'!B2) -> R1 | C8: =IF('Input Jawaban'!C2="","",'Input Jawaban'!C2-1) -> 3 | D8: =IF('Input Jawaban'!D2="","",5-'Input Jawaban'!D2) -> 4 | E8: =IF('Input Jawaban'!E2="","",'Input Jawaban'!E2-1) -> 4 | F8: =IF('Input Jawaban'!F2="","",5-'Input Jawaban'!F2) -> 4 | G8: =IF('Input Jawaban'!G2="","",'Input Jawaban'!G2-1) -> 4 | H8: =IF('Input Jawaban'!H2="","",5-'Input Jawaban'!H2) -> 4 | I8: =IF('Input Jawaban'!I2="","",'Input Jawaban'!I2-1) -> 3 | J8: =IF('Input Jawaban'!J2="","",5-'Input Jawaban'!J2) -> 4 | K8: =IF('Input Jawaban'!K2="","",'Input Jawaban'!K2-1) -> 3 | L8: =IF('Input Jawaban'!L2="","",5-'Input Jawaban'!L2) -> 4 | M8: =IF(COUNT(C8:L8)<10,"",SUM(C8:L8)*2.5) -> 92.5
A9: 2 | B9: =IF('Input Jawaban'!B3="","",'Input Jawaban'!B3) -> R2 | C9: =IF('Input Jawaban'!C3="","",'Input Jawaban'!C3-1) -> 2 | D9: =IF('Input Jawaban'!D3="","",5-'Input Jawaban'!D3) -> 3 | E9: =IF('Input Jawaban'!E3="","",'Input Jawaban'!E3-1) -> 3 | F9: =IF('Input Jawaban'!F3="","",5-'Input Jawaban'!F3) -> 2 | G9: =IF('Input Jawaban'!G3="","",'Input Jawaban'!G3-1) -> 3 | H9: =IF('Input Jawaban'!H3="","",5-'Input Jawaban'!H3) -> 3 | I9: =IF('Input Jawaban'!I3="","",'Input Jawaban'!I3-1) -> 3 | J9: =IF('Input Jawaban'!J3="","",5-'Input Jawaban'!J3) -> 4 | K9: =IF('Input Jawaban'!K3="","",'Input Jawaban'!K3-1) -> 3 | L9: =IF('Input Jawaban'!L3="","",5-'Input Jawaban'!L3) -> 2 | M9: =IF(COUNT(C9:L9)<10,"",SUM(C9:L9)*2.5) -> 70
A10: 3 | B10: =IF('Input Jawaban'!B4="","",'Input Jawaban'!B4) -> R3 | C10: =IF('Input Jawaban'!C4="","",'Input Jawaban'!C4-1) -> 1 | D10: =IF('Input Jawaban'!D4="","",5-'Input Jawaban'!D4) -> 3 | E10: =IF('Input Jawaban'!E4="","",'Input Jawaban'!E4-1) -> 2 | F10: =IF('Input Jawaban'!F4="","",5-'Input Jawaban'!F4) -> 3 | G10: =IF('Input Jawaban'!G4="","",'Input Jawaban'!G4-1) -> 3 | H10: =IF('Input Jawaban'!H4="","",5-'Input Jawaban'!H4) -> 2 | I10: =IF('Input Jawaban'!I4="","",'Input Jawaban'!I4-1) -> 2 | J10: =IF('Input Jawaban'!J4="","",5-'Input Jawaban'!J4) -> 3 | K10: =IF('Input Jawaban'!K4="","",'Input Jawaban'!K4-1) -> 2 | L10: =IF('Input Jawaban'!L4="","",5-'Input Jawaban'!L4) -> 1 | M10: =IF(COUNT(C10:L10)<10,"",SUM(C10:L10)*2.5) -> 55
A11: 4 | B11: =IF('Input Jawaban'!B5="","",'Input Jawaban'!B5) -> R4 | C11: =IF('Input Jawaban'!C5="","",'Input Jawaban'!C5-1) -> 3 | D11: =IF('Input Jawaban'!D5="","",5-'Input Jawaban'!D5) -> 2 | E11: =IF('Input Jawaban'!E5="","",'Input Jawaban'!E5-1) -> 4 | F11: =IF('Input Jawaban'!F5="","",5-'Input Jawaban'!F5) -> 3 | G11: =IF('Input Jawaban'!G5="","",'Input Jawaban'!G5-1) -> 4 | H11: =IF('Input Jawaban'!H5="","",5-'Input Jawaban'!H5) -> 3 | I11: =IF('Input Jawaban'!I5="","",'Input Jawaban'!I5-1) -> 3 | J11: =IF('Input Jawaban'!J5="","",5-'Input Jawaban'!J5) -> 3 | K11: =IF('Input Jawaban'!K5="","",'Input Jawaban'!K5-1) -> 4 | L11: =IF('Input Jawaban'!L5="","",5-'Input Jawaban'!L5) -> 3 | M11: =IF(COUNT(C11:L11)<10,"",SUM(C11:L11)*2.5) -> 80
A12: 5 | B12: =IF('Input Jawaban'!B6="","",'Input Jawaban'!B6) -> R5 | C12: =IF('Input Jawaban'!C6="","",'Input Jawaban'!C6-1) -> 4 | D12: =IF('Input Jawaban'!D6="","",5-'Input Jawaban'!D6) -> 3 | E12: =IF('Input Jawaban'!E6="","",'Input Jawaban'!E6-1) -> 3 | F12: =IF('Input Jawaban'!F6="","",5-'Input Jawaban'!F6) -> 1 | G12: =IF('Input Jawaban'!G6="","",'Input Jawaban'!G6-1) -> 3 | H12: =IF('Input Jawaban'!H6="","",5-'Input Jawaban'!H6) -> 3 | I12: =IF('Input Jawaban'!I6="","",'Input Jawaban'!I6-1) -> 1 | J12: =IF('Input Jawaban'!J6="","",5-'Input Jawaban'!J6) -> 3 | K12: =IF('Input Jawaban'!K6="","",'Input Jawaban'!K6-1) -> 3 | L12: =IF('Input Jawaban'!L6="","",5-'Input Jawaban'!L6) -> 1 | M12: =IF(COUNT(C12:L12)<10,"",SUM(C12:L12)*2.5) -> 62.5
A13: 6 | B13: =IF('Input Jawaban'!B7="","",'Input Jawaban'!B7) -> R6 | C13: =IF('Input Jawaban'!C7="","",'Input Jawaban'!C7-1) -> 1 | D13: =IF('Input Jawaban'!D7="","",5-'Input Jawaban'!D7) -> 3 | E13: =IF('Input Jawaban'!E7="","",'Input Jawaban'!E7-1) -> 3 | F13: =IF('Input Jawaban'!F7="","",5-'Input Jawaban'!F7) -> 4 | G13: =IF('Input Jawaban'!G7="","",'Input Jawaban'!G7-1) -> 3 | H13: =IF('Input Jawaban'!H7="","",5-'Input Jawaban'!H7) -> 2 | I13: =IF('Input Jawaban'!I7="","",'Input Jawaban'!I7-1) -> 2 | J13: =IF('Input Jawaban'!J7="","",5-'Input Jawaban'!J7) -> 3 | K13: =IF('Input Jawaban'!K7="","",'Input Jawaban'!K7-1) -> 3 | L13: =IF('Input Jawaban'!L7="","",5-'Input Jawaban'!L7) -> 0 | M13: =IF(COUNT(C13:L13)<10,"",SUM(C13:L13)*2.5) -> 60
A14: 7 | B14: =IF('Input Jawaban'!B8="","",'Input Jawaban'!B8) -> R7 | C14: =IF('Input Jawaban'!C8="","",'Input Jawaban'!C8-1) -> 3 | D14: =IF('Input Jawaban'!D8="","",5-'Input Jawaban'!D8) -> 4 | E14: =IF('Input Jawaban'!E8="","",'Input Jawaban'!E8-1) -> 3 | F14: =IF('Input Jawaban'!F8="","",5-'Input Jawaban'!F8) -> 4 | G14: =IF('Input Jawaban'!G8="","",'Input Jawaban'!G8-1) -> 4 | H14: =IF('Input Jawaban'!H8="","",5-'Input Jawaban'!H8) -> 4 | I14: =IF('Input Jawaban'!I8="","",'Input Jawaban'!I8-1) -> 3 | J14: =IF('Input Jawaban'!J8="","",5-'Input Jawaban'!J8) -> 4 | K14: =IF('Input Jawaban'!K8="","",'Input Jawaban'!K8-1) -> 4 | L14: =IF('Input Jawaban'!L8="","",5-'Input Jawaban'!L8) -> 3 | M14: =IF(COUNT(C14:L14)<10,"",SUM(C14:L14)*2.5) -> 90
A15: 8 | B15: =IF('Input Jawaban'!B9="","",'Input Jawaban'!B9) -> R8 | C15: =IF('Input Jawaban'!C9="","",'Input Jawaban'!C9-1) -> 3 | D15: =IF('Input Jawaban'!D9="","",5-'Input Jawaban'!D9) -> 4 | E15: =IF('Input Jawaban'!E9="","",'Input Jawaban'!E9-1) -> 4 | F15: =IF('Input Jawaban'!F9="","",5-'Input Jawaban'!F9) -> 4 | G15: =IF('Input Jawaban'!G9="","",'Input Jawaban'!G9-1) -> 3 | H15: =IF('Input Jawaban'!H9="","",5-'Input Jawaban'!H9) -> 4 | I15: =IF('Input Jawaban'!I9="","",'Input Jawaban'!I9-1) -> 3 | J15: =IF('Input Jawaban'!J9="","",5-'Input Jawaban'!J9) -> 4 | K15: =IF('Input Jawaban'!K9="","",'Input Jawaban'!K9-1) -> 3 | L15: =IF('Input Jawaban'!L9="","",5-'Input Jawaban'!L9) -> 2 | M15: =IF(COUNT(C15:L15)<10,"",SUM(C15:L15)*2.5) -> 85
A16: 9 | B16: =IF('Input Jawaban'!B10="","",'Input Jawaban'!B10) -> R9 | C16: =IF('Input Jawaban'!C10="","",'Input Jawaban'!C10-1) -> 4 | D16: =IF('Input Jawaban'!D10="","",5-'Input Jawaban'!D10) -> 3 | E16: =IF('Input Jawaban'!E10="","",'Input Jawaban'!E10-1) -> 3 | F16: =IF('Input Jawaban'!F10="","",5-'Input Jawaban'!F10) -> 4 | G16: =IF('Input Jawaban'!G10="","",'Input Jawaban'!G10-1) -> 4 | H16: =IF('Input Jawaban'!H10="","",5-'Input Jawaban'!H10) -> 4 | I16: =IF('Input Jawaban'!I10="","",'Input Jawaban'!I10-1) -> 3 | J16: =IF('Input Jawaban'!J10="","",5-'Input Jawaban'!J10) -> 4 | K16: =IF('Input Jawaban'!K10="","",'Input Jawaban'!K10-1) -> 3 | L16: =IF('Input Jawaban'!L10="","",5-'Input Jawaban'!L10) -> 3 | M16: =IF(COUNT(C16:L16)<10,"",SUM(C16:L16)*2.5) -> 87.5
A17: 10 | B17: =IF('Input Jawaban'!B11="","",'Input Jawaban'!B11) -> R10 | C17: =IF('Input Jawaban'!C11="","",'Input Jawaban'!C11-1) -> 4 | D17: =IF('Input Jawaban'!D11="","",5-'Input Jawaban'!D11) -> 3 | E17: =IF('Input Jawaban'!E11="","",'Input Jawaban'!E11-1) -> 4 | F17: =IF('Input Jawaban'!F11="","",5-'Input Jawaban'!F11) -> 4 | G17: =IF('Input Jawaban'!G11="","",'Input Jawaban'!G11-1) -> 4 | H17: =IF('Input Jawaban'!H11="","",5-'Input Jawaban'!H11) -> 3 | I17: =IF('Input Jawaban'!I11="","",'Input Jawaban'!I11-1) -> 2 | J17: =IF('Input Jawaban'!J11="","",5-'Input Jawaban'!J11) -> 4 | K17: =IF('Input Jawaban'!K11="","",'Input Jawaban'!K11-1) -> 4 | L17: =IF('Input Jawaban'!L11="","",5-'Input Jawaban'!L11) -> 1 | M17: =IF(COUNT(C17:L17)<10,"",SUM(C17:L17)*2.5) -> 82.5
A18: 11 | B18: =IF('Input Jawaban'!B12="","",'Input Jawaban'!B12) -> R11 | C18: =IF('Input Jawaban'!C12="","",'Input Jawaban'!C12-1) -> 3 | D18: =IF('Input Jawaban'!D12="","",5-'Input Jawaban'!D12) -> 3 | E18: =IF('Input Jawaban'!E12="","",'Input Jawaban'!E12-1) -> 3 | F18: =IF('Input Jawaban'!F12="","",5-'Input Jawaban'!F12) -> 3 | G18: =IF('Input Jawaban'!G12="","",'Input Jawaban'!G12-1) -> 4 | H18: =IF('Input Jawaban'!H12="","",5-'Input Jawaban'!H12) -> 3 | I18: =IF('Input Jawaban'!I12="","",'Input Jawaban'!I12-1) -> 2 | J18: =IF('Input Jawaban'!J12="","",5-'Input Jawaban'!J12) -> 3 | K18: =IF('Input Jawaban'!K12="","",'Input Jawaban'!K12-1) -> 3 | L18: =IF('Input Jawaban'!L12="","",5-'Input Jawaban'!L12) -> 2 | M18: =IF(COUNT(C18:L18)<10,"",SUM(C18:L18)*2.5) -> 72.5
A19: 12 | B19: =IF('Input Jawaban'!B13="","",'Input Jawaban'!B13) -> R12 | C19: =IF('Input Jawaban'!C13="","",'Input Jawaban'!C13-1) -> 4 | D19: =IF('Input Jawaban'!D13="","",5-'Input Jawaban'!D13) -> 4 | E19: =IF('Input Jawaban'!E13="","",'Input Jawaban'!E13-1) -> 4 | F19: =IF('Input Jawaban'!F13="","",5-'Input Jawaban'!F13) -> 4 | G19: =IF('Input Jawaban'!G13="","",'Input Jawaban'!G13-1) -> 4 | H19: =IF('Input Jawaban'!H13="","",5-'Input Jawaban'!H13) -> 4 | I19: =IF('Input Jawaban'!I13="","",'Input Jawaban'!I13-1) -> 4 | J19: =IF('Input Jawaban'!J13="","",5-'Input Jawaban'!J13) -> 4 | K19: =IF('Input Jawaban'!K13="","",'Input Jawaban'!K13-1) -> 4 | L19: =IF('Input Jawaban'!L13="","",5-'Input Jawaban'!L13) -> 4 | M19: =IF(COUNT(C19:L19)<10,"",SUM(C19:L19)*2.5) -> 100
... A67: 60 | B67: =IF('Input Jawaban'!B61="","",'Input Jawaban'!B61) | C67: =IF('Input Jawaban'!C61="","",'Input Jawaban'!C61-1) | D67: =IF('Input Jawaban'!D61="","",5-'Input Jawaban'!D61) | E67: =IF('Input Jawaban'!E61="","",'Input Jawaban'!E61-1) | F67: =IF('Input Jawaban'!F61="","",5-'Input Jawaban'!F61) | G67: =IF('Input Jawaban'!G61="","",'Input Jawaban'!G61-1) | H67: =IF('Input Jawaban'!H61="","",5-'Input Jawaban'!H61) | I67: =IF('Input Jawaban'!I61="","",'Input Jawaban'!I61-1) | J67: =IF('Input Jawaban'!J61="","",5-'Input Jawaban'!J61) | K67: =IF('Input Jawaban'!K61="","",'Input Jawaban'!K61-1) | L67: =IF('Input Jawaban'!L61="","",5-'Input Jawaban'!L61) | M67: =IF(COUNT(C67:L67)<10,"",SUM(C67:L67)*2.5)
